StationID,SampleID,Date,HYL11,HYL2,HYL21,HYL2B,HYL31,HYL4,HYL52,HYL71,HYL8,HYL9,L11K2,L2K2,L21K2,L2BK2,L31K2,L4K2,L52K2,L71K2,L8K2,L9K2,Bird,Dog,Horse,Animal,Pig,Ruminant,Human,Nonhuman,Prep0_mm,Prep1_mm,Prep2_mm,Temp0_c,Temp1_c,Temp2_c,Elv,Flowacc,Season2,DateID,Label
1,1,12/9/2011,0.0015,0.0956,0.0555,0.0401,0,0.0041,0.0307,0.864,0,0.0042,0.0001,0.397,0.1501,0.2469,0.0007,0.0018,0.0093,0.5351,0.0535,0.0024,0.01,0,0,0,0,0,0.02,0.01,0,0,0,7.33,7.5,7.33,30,568.6,1,10,1
1,2,1/21/2012,0.0015,0.0956,0.0555,0.0401,0,0.0041,0.0307,0.864,0,0.0042,0.0001,0.397,0.1501,0.2469,0.0007,0.0018,0.0093,0.5351,0.0535,0.0024,0,0,0.02,0.15,0.02,0.11,0.03,0.15,72.64,33.53,0,10.89,7.78,6,30,568.6,2,12,0
2,3,12/9/2011,0.0004,0.4344,0.1233,0.3111,0,0.1205,0.08,0.3126,0.0454,0.0067,0,0.8524,0.1563,0.6961,0,0.0004,0.0012,0.1212,0.0239,0.0007,0,0,0,0,0,0,0.01,0,0,0,0,7.28,7.22,7.33,30,17.5,1,10,1
2,4,1/21/2012,0.0004,0.4344,0.1233,0.3111,0,0.1205,0.08,0.3126,0.0454,0.0067,0,0.8524,0.1563,0.6961,0,0.0004,0.0012,0.1212,0.0239,0.0007,0,0.03,0,0.13,0,0.1,0.01,0.13,68.07,27.69,0,11.06,7.72,5.89,30,17.5,2,12,0
3,5,12/9/2011,0.001,0.125,0.0921,0.0329,0,0.0176,0.0817,0.7552,0,0.0194,0.0109,0.2019,0.1309,0.071,0.0011,0.0059,0.0229,0.499,0.2263,0.032,0.01,0,0.01,0.03,0.01,0.01,0.04,0.04,0,0,0,7.33,7.5,7.33,32,305.06,1,10,0
3,6,1/21/2012,0.001,0.125,0.0921,0.0329,0,0.0176,0.0817,0.7552,0,0.0194,0.0109,0.2019,0.1309,0.071,0.0011,0.0059,0.0229,0.499,0.2263,0.032,0.01,0,0.02,0.2,0.01,0.17,0.02,0.21,72.64,33.53,0,10.89,7.78,6,32,305.06,2,12,0
4,7,1/21/2012,0.0025,0.0693,0.0593,0.01,0,0.0744,0.155,0.6168,0.0766,0.0054,0.0004,0.6795,0.1715,0.508,0,0.0021,0.0019,0.1242,0.1832,0.0088,0,0,0.01,0.06,0,0.05,0.02,0.06,74.42,21.08,0,10.94,7.56,6.11,35,0.39,2,12,0
4,8,3/5/2012,0.0025,0.0693,0.0593,0.01,0,0.0744,0.155,0.6168,0.0766,0.0054,0.0004,0.6795,0.1715,0.508,0,0.0021,0.0019,0.1242,0.1832,0.0088,0.01,0,0,0.02,0.01,0.01,0.02,0.03,0,0,0,13.72,12.39,10.61,35,0.39,1,14,0
5,9,12/9/2011,0,0.0902,0.0725,0.0177,0,0.0494,0.1526,0.6846,0,0.0232,0.0269,0.2592,0.1589,0.1003,0.0029,0.0115,0.0496,0.4502,0.1501,0.0497,0,0,0,0,0,0,0.01,0,0,0.25,0,7.5,7.72,7.61,26,12.5,1,10,1
5,10,1/21/2012,0,0.0902,0.0725,0.0177,0,0.0494,0.1526,0.6846,0,0.0232,0.0269,0.2592,0.1589,0.1003,0.0029,0.0115,0.0496,0.4502,0.1501,0.0497,0,0,0,0.17,0,0.17,0.03,0.17,77.98,37.59,0,10.61,7.78,6.11,26,12.5,2,12,0
6,11,8/18/2011,0.0019,0.5147,0.1857,0.329,0,0.0072,0.0118,0.1443,0.3127,0.0076,0.0031,0.4152,0.1771,0.2381,0,0.0185,0.0286,0.182,0.328,0.0247,0.01,0,0,0,0,0,0.01,0.01,0,0,0,18.83,19.94,18.94,20,12.18,1,2,0
6,12,10/5/2011,0.0019,0.5147,0.1857,0.329,0,0.0072,0.0118,0.1443,0.3127,0.0076,0.0031,0.4152,0.1771,0.2381,0,0.0185,0.0286,0.182,0.328,0.0247,0.01,0,0,0,0,0,0.03,0.01,25.91,21.08,0,14.33,13.61,17.17,20,12.18,2,8,1
7,13,3/6/2013,0.0033,0.111,0.101,0.01,0.0041,0.4232,0.1749,0.2834,0,0,0.0001,0.0871,0.0838,0.0033,0.0024,0.618,0.1411,0.1514,0,0,0.01,0.01,0,0.01,0,0,0.04,0.02,29.46,0,0,7.22,8.11,11.72,145,2.48,2,17,1
7,14,3/20/2013,0.0033,0.111,0.101,0.01,0.0041,0.4232,0.1749,0.2834,0,0,0.0001,0.0871,0.0838,0.0033,0.0024,0.618,0.1411,0.1514,0,0,0.03,0.01,0,0.01,0,0,0.02,0.04,17.78,0,0,10.83,11.94,12.17,145,2.48,2,18,0
8,15,1/21/2012,0,0.4007,0.1963,0.2044,0,0.0041,0.0032,0.2029,0.3887,0.0003,0.0378,0.2157,0.141,0.0747,0,0.034,0.0509,0.1239,0.5187,0.0191,0,0,0,0.02,0,0.02,0.01,0.02,85.6,43.69,0.51,10.5,7.89,6.28,17,28.24,2,12,0
8,16,3/5/2012,0,0.4007,0.1963,0.2044,0,0.0041,0.0032,0.2029,0.3887,0.0003,0.0378,0.2157,0.141,0.0747,0,0.034,0.0509,0.1239,0.5187,0.0191,0.01,0,0,0,0,0,0.02,0.01,0,0,0,14.11,12.56,10.83,17,28.24,1,14,1
9,17,8/18/2011,0.0033,0.2608,0.1241,0.1367,0.0001,0.3414,0.1842,0.1976,0.01,0.0026,0,0.9846,0.0997,0.8849,0,0.0012,0.0014,0.0115,0,0.0014,0,0,0,0,0,0,0.01,0,0,0,0,18.94,19.72,19.22,48,3.5,1,2,1
9,18,10/5/2011,0.0033,0.2608,0.1241,0.1367,0.0001,0.3414,0.1842,0.1976,0.01,0.0026,0,0.9846,0.0997,0.8849,0,0.0012,0.0014,0.0115,0,0.0014,0.01,0,0,0,0,0,0.03,0.01,23.11,16.26,0,13.94,13.39,16.61,48,3.5,2,8,1
10,19,12/9/2011,0.0044,0.7645,0.2131,0.5514,0,0.0236,0.017,0.0819,0.1077,0.001,0.009,0.3779,0.2253,0.1526,0,0.0073,0.0083,0.1653,0.4315,0.0007,0.01,0,0.01,0.01,0,0,0.26,0.02,0,0,0,7.61,7.72,7.72,19,13.76,1,10,1
10,20,1/21/2012,0.0044,0.7645,0.2131,0.5514,0,0.0236,0.017,0.0819,0.1077,0.001,0.009,0.3779,0.2253,0.1526,0,0.0073,0.0083,0.1653,0.4315,0.0007,0.01,0,0.01,0.12,0.01,0.1,0.09,0.13,77.22,28.45,0.25,11,7.67,6.11,19,13.76,2,12,0
11,21,12/9/2011,0.0028,0.8489,0.2386,0.6103,0,0.0364,0.0251,0.0565,0.0294,0.0008,0.0113,0.6983,0.1994,0.4989,0,0.0008,0.0013,0.189,0.0966,0.0027,0,0,0,0,0,0,0.01,0,0,0,0,7.67,7.78,7.78,27,8.86,1,10,1
11,22,1/21/2012,0.0028,0.8489,0.2386,0.6103,0,0.0364,0.0251,0.0565,0.0294,0.0008,0.0113,0.6983,0.1994,0.4989,0,0.0008,0.0013,0.189,0.0966,0.0027,0.02,0.04,0,0.04,0,0,0.05,0.06,72.9,21.08,0,11,7.67,6.39,27,8.86,2,12,0
12,23,8/16/2011,0.0233,0.0367,0.0318,0.0049,0.002,0.6351,0.1033,0.1707,0,0.0289,0.0986,0.0804,0.0525,0.0279,0.0103,0.2431,0.1611,0.3596,0,0.0469,0.08,0.01,0.01,0.04,0.01,0.01,0.02,0.12,0,0,0,15.17,15.28,15,0,618.88,1,1,0
12,24,10/6/2011,0.0233,0.0367,0.0318,0.0049,0.002,0.6351,0.1033,0.1707,0,0.0289,0.0986,0.0804,0.0525,0.0279,0.0103,0.2431,0.1611,0.3596,0,0.0469,0.01,0,0,0.01,0,0.01,0.08,0.02,5.33,33.02,21.84,13.11,14.17,13.5,0,618.88,2,9,1
13,25,8/18/2011,0.0004,0.048,0.0376,0.0104,0,0.6159,0.2423,0.093,0,0.0002,0.0119,0.3948,0.2098,0.185,0.001,0.2692,0.144,0.1762,0,0.0029,0.01,0,0,0,0,0,0.01,0.01,0,0,0,19.17,20.11,19.72,102,228.52,1,2,0
14,26,10/5/2011,0,0.0211,0.0208,0.0003,0,0.8204,0.0724,0.0861,0,0,0,0.0211,0.0208,0.0003,0,0.8204,0.0724,0.0861,0,0,0.01,0,0,0,0,0,0.01,0.01,33.53,22.86,0,14.33,13.67,17.22,201,10.83,2,8,0
14,27,12/3/2012,0,0.0211,0.0208,0.0003,0,0.8204,0.0724,0.0861,0,0,0,0.0211,0.0208,0.0003,0,0.8204,0.0724,0.0861,0,0,0.03,0,0.01,0.02,0,0.01,0.01,0.05,5.84,60.96,43.43,10.78,13.72,13.22,201,10.83,2,15,0
15,28,12/3/2012,0.0044,0.0556,0.0505,0.0051,0.0041,0.8637,0.0506,0.0111,0,0.0105,0.0044,0.0556,0.0505,0.0051,0.0041,0.8637,0.0506,0.0111,0,0.0105,0.01,0,0,0,0,0,0.01,0.01,5.33,60.71,40.13,10.61,13.72,13.17,199,3.84,2,15,0
15,29,4/4/2013,0.0044,0.0556,0.0505,0.0051,0.0041,0.8637,0.0506,0.0111,0,0.0105,0.0044,0.0556,0.0505,0.0051,0.0041,0.8637,0.0506,0.0111,0,0.0105,0,0,0,0,0,0,0.01,0,21.59,0,0,14.61,12.94,12.67,199,3.84,2,19,1
16,30,8/16/2011,0.0009,0.0575,0.0542,0.0033,0.0011,0.7113,0.1238,0.102,0,0.0034,0.0263,0.1586,0.1378,0.0208,0.0041,0.7752,0.0106,0.0075,0,0.0177,0.01,0,0,0.01,0,0.01,0.01,0.02,0,0,0,18.28,18.28,18.17,17,1365.85,1,1,0
16,31,10/6/2011,0.0009,0.0575,0.0542,0.0033,0.0011,0.7113,0.1238,0.102,0,0.0034,0.0263,0.1586,0.1378,0.0208,0.0041,0.7752,0.0106,0.0075,0,0.0177,0.01,0,0,0,0,0,0.01,0.01,5.84,34.04,23.37,13.11,14.44,13.89,17,1365.85,2,9,0
17,32,12/3/2012,0.0154,0.0568,0.05,0.0068,0.0041,0.8891,0.0225,0.0078,0,0.0042,0.0154,0.0568,0.05,0.0068,0.0041,0.8891,0.0225,0.0078,0,0.0042,0,0,0.01,0.01,0,0,0.81,0.01,5.33,60.71,40.13,10.61,13.72,13.17,163,6.42,2,15,1
18,33,12/3/2012,0.0075,0.0332,0.0304,0.0028,0.0049,0.9227,0.018,0.0111,0,0.0027,0.0075,0.0332,0.0304,0.0028,0.0049,0.9227,0.018,0.0111,0,0.0027,0.02,0.01,0.02,0.03,0,0,0.01,0.05,5.84,60.96,43.43,10.78,13.72,13.22,200,0.02,2,15,0
18,34,3/20/2013,0.0075,0.0332,0.0304,0.0028,0.0049,0.9227,0.018,0.0111,0,0.0027,0.0075,0.0332,0.0304,0.0028,0.0049,0.9227,0.018,0.0111,0,0.0027,0.05,0,0.01,0.02,0,0.01,0.02,0.07,16.26,0,0,11.06,12,12.44,200,0.02,2,18,0
18,35,4/4/2013,0.0075,0.0332,0.0304,0.0028,0.0049,0.9227,0.018,0.0111,0,0.0027,0.0075,0.0332,0.0304,0.0028,0.0049,0.9227,0.018,0.0111,0,0.0027,0.02,0,0.01,0.02,0,0.01,0.01,0.04,22.35,0,0,15.28,13.56,12.67,200,0.02,2,19,0
19,36,3/6/2013,0.0285,0.1503,0.1258,0.0245,0.0041,0.7832,0.0076,0.0087,0,0.0176,0.0285,0.1503,0.1258,0.0245,0.0041,0.7832,0.0076,0.0087,0,0.0176,0.01,0,0.01,0.02,0,0.01,0.02,0.03,29.21,0,0,7.61,8.39,12.11,22,13.99,2,17,0
20,37,8/18/2011,0.0009,0.1405,0.1045,0.036,0.0013,0.2789,0.1398,0.3808,0.0491,0.0088,0,0.2621,0.1806,0.0815,0.0028,0.4697,0.0809,0.1801,0,0.0044,0.01,0,0,0,0,0,0.02,0.01,0,0,0,18.89,19.83,19.11,24,468.9,1,2,1
20,38,10/5/2011,0.0009,0.1405,0.1045,0.036,0.0013,0.2789,0.1398,0.3808,0.0491,0.0088,0,0.2621,0.1806,0.0815,0.0028,0.4697,0.0809,0.1801,0,0.0044,0,0,0,0,0,0,0.01,0,31.24,20.57,0,14.22,13.67,17.22,24,468.9,2,8,1
21,39,1/21/2012,0.0004,0.2248,0.0848,0.14,0,0.0034,0.0126,0.0311,0.7278,0,0.0018,0.2097,0.0838,0.1259,0.001,0.0083,0.0178,0.1488,0.6024,0.0102,0.01,0,0.01,0.04,0,0.03,0.01,0.05,77.22,24.64,0.51,11.33,7.61,6.22,25,16.3,2,12,0
21,40,3/5/2012,0.0004,0.2248,0.0848,0.14,0,0.0034,0.0126,0.0311,0.7278,0,0.0018,0.2097,0.0838,0.1259,0.001,0.0083,0.0178,0.1488,0.6024,0.0102,0.01,0,0,0,0,0,0.02,0.01,0,0,0,14.28,12.72,11.17,25,16.3,1,14,1
22,41,2/19/2013,0.0137,0.2842,0.2174,0.0668,0.0029,0.3076,0.0953,0.2108,0.0737,0.0117,0.0137,0.2842,0.2174,0.0668,0.0029,0.3076,0.0953,0.2108,0.0737,0.0117,0.01,0,0,0,0,0,0.04,0.01,6.6,0,0,7.22,10.33,12.5,28,118.24,2,16,1
22,42,3/6/2013,0.0137,0.2842,0.2174,0.0668,0.0029,0.3076,0.0953,0.2108,0.0737,0.0117,0.0137,0.2842,0.2174,0.0668,0.0029,0.3076,0.0953,0.2108,0.0737,0.0117,0,0,0,0,0,0,0.39,0,29.46,0,0,7.94,8.39,13.06,28,118.24,2,17,1
22,43,4/4/2013,0.0137,0.2842,0.2174,0.0668,0.0029,0.3076,0.0953,0.2108,0.0737,0.0117,0.0137,0.2842,0.2174,0.0668,0.0029,0.3076,0.0953,0.2108,0.0737,0.0117,0,0,0,0.01,0,0.01,0.38,0.01,23.11,0,0,15.94,13.83,12.89,28,118.24,2,19,1
23,44,12/3/2012,0.0164,0.2252,0.1975,0.0277,0.0026,0.4161,0.0967,0.1643,0.0637,0.0151,0.0164,0.2252,0.1975,0.0277,0.0026,0.4161,0.0967,0.1643,0.0637,0.0151,0,0,0,0,0,0,0.04,0,6.1,58.93,44.2,10.61,14.28,13.72,46,5.71,2,15,1
23,45,4/4/2013,0.0164,0.2252,0.1975,0.0277,0.0026,0.4161,0.0967,0.1643,0.0637,0.0151,0.0164,0.2252,0.1975,0.0277,0.0026,0.4161,0.0967,0.1643,0.0637,0.0151,0.01,0,0.01,0.01,0,0,0.08,0.02,23.11,0,0,15.94,13.83,12.89,46,5.71,2,19,1
24,46,1/23/2012,0,0.0506,0.0468,0.0038,0.0014,0.8985,0.0269,0.0218,0,0.0007,0.0208,0.2239,0.172,0.0519,0.0014,0.6707,0.0237,0.0475,0,0.012,0,0,0,0.01,0,0.01,0.01,0.01,87.12,2.79,91.95,8.44,8.17,10.5,32,1448.28,2,13,0
24,47,3/5/2012,0,0.0506,0.0468,0.0038,0.0014,0.8985,0.0269,0.0218,0,0.0007,0.0208,0.2239,0.172,0.0519,0.0014,0.6707,0.0237,0.0475,0,0.012,0.01,0.01,0.01,0.02,0,0,0.01,0.03,0,0,0,13.89,12.39,10.44,32,1448.28,1,14,0
25,48,8/16/2011,0.008,0.0798,0.0699,0.0099,0.0011,0.7694,0.079,0.0571,0,0.0054,0.02,0.2441,0.189,0.0551,0.0011,0.6374,0.0271,0.0566,0,0.0137,0.01,0,0,0,0,0,0.01,0.01,0,0,0,18.28,18.28,18.11,33,1967.3,1,1,0
25,49,9/22/2011,0.008,0.0798,0.0699,0.0099,0.0011,0.7694,0.079,0.0571,0,0.0054,0.02,0.2441,0.189,0.0551,0.0011,0.6374,0.0271,0.0566,0,0.0137,0.01,0,0,0.01,0,0.01,0.02,0.02,0,0,0,20.72,23.39,23.5,33,1967.3,1,3,0
25,50,9/23/2011,0.008,0.0798,0.0699,0.0099,0.0011,0.7694,0.079,0.0571,0,0.0054,0.02,0.2441,0.189,0.0551,0.0011,0.6374,0.0271,0.0566,0,0.0137,0.01,0,0,0.01,0,0.01,0.01,0.02,0,0,0,20.72,20.72,23.39,33,1967.3,1,4,0
25,51,9/24/2011,0.008,0.0798,0.0699,0.0099,0.0011,0.7694,0.079,0.0571,0,0.0054,0.02,0.2441,0.189,0.0551,0.0011,0.6374,0.0271,0.0566,0,0.0137,0,0,0,0.01,0,0.01,0.01,0.01,0,0,0,21.72,20.72,20.72,33,1967.3,1,5,0
25,52,9/25/2011,0.008,0.0798,0.0699,0.0099,0.0011,0.7694,0.079,0.0571,0,0.0054,0.02,0.2441,0.189,0.0551,0.0011,0.6374,0.0271,0.0566,0,0.0137,0,0,0.01,0.02,0,0.01,0.17,0.02,0.51,0,0,16.89,21.72,20.72,33,1967.3,1,6,1
25,53,9/26/2011,0.008,0.0798,0.0699,0.0099,0.0011,0.7694,0.079,0.0571,0,0.0054,0.02,0.2441,0.189,0.0551,0.0011,0.6374,0.0271,0.0566,0,0.0137,0,0.03,0,0.04,0,0.01,0.57,0.04,1.27,0.51,0,15.89,16.89,21.72,33,1967.3,1,7,1
25,54,10/6/2011,0.008,0.0798,0.0699,0.0099,0.0011,0.7694,0.079,0.0571,0,0.0054,0.02,0.2441,0.189,0.0551,0.0011,0.6374,0.0271,0.0566,0,0.0137,0.01,0.06,0,0.07,0,0.01,0.54,0.08,5.59,32,22.35,13.11,14.44,13.89,33,1967.3,2,9,1
26,55,8/16/2011,0,0.198,0.0838,0.1142,0,0.0665,0.12,0.4892,0.1264,0,0.0184,0.2086,0.1831,0.0255,0.0031,0.4207,0.0987,0.1448,0.0908,0.0151,0.02,0,0,0.01,0,0.01,0.01,0.03,0,0,0,19.17,19.28,19.22,15,25.52,1,1,0
26,56,10/6/2011,0,0.198,0.0838,0.1142,0,0.0665,0.12,0.4892,0.1264,0,0.0184,0.2086,0.1831,0.0255,0.0031,0.4207,0.0987,0.1448,0.0908,0.0151,0.01,0,0.01,0.05,0,0.04,0.05,0.06,5.08,30.99,20.57,12.67,14.39,13.67,15,25.52,2,9,0
27,57,12/3/2012,0.0236,0.1067,0.0867,0.02,0.0016,0.6905,0.0686,0.0669,0.0362,0.006,0.0236,0.1067,0.0867,0.02,0.0016,0.6905,0.0686,0.0669,0.0362,0.006,0.01,0,0,0.01,0,0.01,0.01,0.02,6.35,62.74,43.43,10.67,14.17,13.56,21,218947.69,2,15,0
27,58,4/4/2013,0.0236,0.1067,0.0867,0.02,0.0016,0.6905,0.0686,0.0669,0.0362,0.006,0.0236,0.1067,0.0867,0.02,0.0016,0.6905,0.0686,0.0669,0.0362,0.006,0.02,0.03,0.01,0.04,0,0,0.03,0.06,22.35,0,0,15.33,13.44,12.61,21,218947.69,2,19,0
28,59,12/3/2012,0.0225,0.1527,0.1459,0.0068,0.0004,0.696,0.0548,0.0476,0.0181,0.0079,0.0225,0.1527,0.1459,0.0068,0.0004,0.696,0.0548,0.0476,0.0181,0.0079,0.01,0.01,0.01,0.02,0,0,0.01,0.03,6.1,58.93,44.2,10.61,14.28,13.72,49,1.8,2,15,0
28,60,3/6/2013,0.0225,0.1527,0.1459,0.0068,0.0004,0.696,0.0548,0.0476,0.0181,0.0079,0.0225,0.1527,0.1459,0.0068,0.0004,0.696,0.0548,0.0476,0.0181,0.0079,0.01,0,0,0,0,0,0.02,0.01,29.46,0,0,7.94,8.39,13.06,49,1.8,2,17,1
28,61,3/20/2013,0.0225,0.1527,0.1459,0.0068,0.0004,0.696,0.0548,0.0476,0.0181,0.0079,0.0225,0.1527,0.1459,0.0068,0.0004,0.696,0.0548,0.0476,0.0181,0.0079,0,0,0,0,0,0,0.11,0,13.72,0,0,11,12.06,12.5,49,1.8,2,18,1
28,62,4/4/2013,0.0225,0.1527,0.1459,0.0068,0.0004,0.696,0.0548,0.0476,0.0181,0.0079,0.0225,0.1527,0.1459,0.0068,0.0004,0.696,0.0548,0.0476,0.0181,0.0079,0,0,0,0,0,0,0.07,0,23.11,0,0,15.94,13.83,12.89,49,1.8,2,19,1
29,63,8/16/2011,0.0078,0.0858,0.0827,0.0031,0,0.7611,0.0462,0.0587,0.03,0.0104,0.0197,0.1275,0.1219,0.0056,0.0004,0.7219,0.0563,0.0461,0.0193,0.0088,0.01,0,0,0,0,0,0.01,0.01,0,0,0,19.17,19.28,19.22,21,248044.61,1,1,0
29,64,10/6/2011,0.0078,0.0858,0.0827,0.0031,0,0.7611,0.0462,0.0587,0.03,0.0104,0.0197,0.1275,0.1219,0.0056,0.0004,0.7219,0.0563,0.0461,0.0193,0.0088,0.01,0,0.01,0.05,0,0.04,0.05,0.06,5.08,30.99,20.57,12.67,14.39,13.67,21,248044.61,2,9,0
30,65,12/9/2011,0,0.0186,0.0184,0.0002,0,0.7964,0.1571,0.0278,0,0,0,0.0368,0.0351,0.0017,0,0.5376,0.2992,0.1261,0,0.0003,0,0,0,0,0,0,0.01,0,0,0,0,8.78,8.5,8.67,243,1788.37,1,10,1
30,66,1/21/2012,0,0.0186,0.0184,0.0002,0,0.7964,0.1571,0.0278,0,0,0,0.0368,0.0351,0.0017,0,0.5376,0.2992,0.1261,0,0.0003,0.01,0,0,0.01,0,0.01,0.01,0.02,86.61,18.54,0,10.67,6.89,6.11,243,1788.37,2,12,0
31,67,12/9/2011,0,0.0033,0.0033,0,0,0.9562,0.0286,0.012,0,0,0,0.0136,0.0135,0.0001,0,0.9269,0.0455,0.014,0,0,0,0,0,0,0,0,0.03,0,0,0,0,8.56,8.39,8.33,166,822.8,1,10,1
31,68,1/20/2012,0,0.0033,0.0033,0,0,0.9562,0.0286,0.012,0,0,0,0.0136,0.0135,0.0001,0,0.9269,0.0455,0.014,0,0,0.01,0,0.02,0.02,0,0,0.01,0.03,39.62,2.03,0,7.17,6.11,4.56,166,822.8,2,11,0
32,69,1/21/2012,0,0.198,0.0838,0.1142,0,0.0665,0.12,0.4892,0.1264,0,0.0472,0.23,0.0747,0.1553,0.0106,0.0248,0.0604,0.2038,0.4168,0.0063,0,0,0,0.01,0,0.01,0,0.01,77.22,28.19,0.76,11.22,7.72,6.22,29,3.48,2,12,0
32,70,3/5/2012,0,0.198,0.0838,0.1142,0,0.0665,0.12,0.4892,0.1264,0,0.0472,0.23,0.0747,0.1553,0.0106,0.0248,0.0604,0.2038,0.4168,0.0063,0,0,0.01,0.01,0,0,0.41,0.01,0,0,0,14.33,13.06,11.17,29,3.48,1,14,1
33,71,8/16/2011,0.0145,0.0848,0.0538,0.031,0.007,0.3493,0.2261,0.211,0.1035,0.0037,0.0106,0.4477,0.1176,0.3301,0.0072,0.0412,0.0473,0.1183,0.3245,0.0032,0.01,0,0,0,0,0,0.02,0.01,0,0,0,19.72,20.06,19.94,20,7.42,1,1,1
33,72,10/6/2011,0.0145,0.0848,0.0538,0.031,0.007,0.3493,0.2261,0.211,0.1035,0.0037,0.0106,0.4477,0.1176,0.3301,0.0072,0.0412,0.0473,0.1183,0.3245,0.0032,0.01,0,0,0,0,0,0.01,0.01,6.35,29.46,19.56,12.5,14.33,13.56,20,7.42,2,9,0
34,73,12/9/2011,0.003,0.4398,0.1449,0.2949,0.0008,0.1049,0.0943,0.233,0.1228,0.0014,0.0036,0.5298,0.1303,0.3995,0.0026,0.0584,0.0357,0.0792,0.2887,0.002,0,0,0,0,0,0,0.01,0,0,0,0,8.17,7.89,8,30,524.02,1,10,1
34,74,1/20/2012,0.003,0.4398,0.1449,0.2949,0.0008,0.1049,0.0943,0.233,0.1228,0.0014,0.0036,0.5298,0.1303,0.3995,0.0026,0.0584,0.0357,0.0792,0.2887,0.002,0,0.01,0,0.01,0,0,0.02,0.01,28.96,1.02,0,7.89,6.11,3.78,30,524.02,2,11,1
35,75,3/6/2013,0.014,0.064,0.0465,0.0175,0.0065,0.3632,0.2329,0.2136,0.1021,0.0038,0.0256,0.3132,0.1703,0.1429,0.0129,0.2972,0.1121,0.1526,0.0855,0.0009,0.01,0.01,0,0.01,0,0,0.01,0.02,26.92,0,0,7.56,8.56,12.89,38,38808.41,2,17,0
35,76,3/20/2013,0.014,0.064,0.0465,0.0175,0.0065,0.3632,0.2329,0.2136,0.1021,0.0038,0.0256,0.3132,0.1703,0.1429,0.0129,0.2972,0.1121,0.1526,0.0855,0.0009,0.01,0,0,0,0,0,0.01,0.01,10.16,0,0,10.83,12.83,12.89,38,38808.41,2,18,0
36,77,8/16/2011,0.0136,0.0602,0.0431,0.0171,0.0066,0.3606,0.2349,0.216,0.1042,0.0039,0.0291,0.1706,0.1214,0.0492,0.0126,0.3881,0.1357,0.1956,0.0663,0.002,0,0,0,0,0,0,0.01,0,0,0,0,20,20.17,20.22,30,127733.69,1,1,1
36,78,10/6/2011,0.0136,0.0602,0.0431,0.0171,0.0066,0.3606,0.2349,0.216,0.1042,0.0039,0.0291,0.1706,0.1214,0.0492,0.0126,0.3881,0.1357,0.1956,0.0663,0.002,0.01,0,0,0,0,0,0.01,0.01,6.6,28.7,19.3,12.28,13.89,13.56,30,127733.69,2,9,0
37,79,3/20/2013,0.0128,0.057,0.0388,0.0182,0.007,0.3384,0.2473,0.2213,0.1121,0.0041,0.0359,0.339,0.1876,0.1514,0.0194,0.2629,0.1322,0.129,0.0794,0.0022,0,0.02,0.01,0.04,0,0.01,0.05,0.04,10.16,0,0,10.83,12.83,12.89,67,12.99,2,18,1
37,80,4/4/2013,0.0128,0.057,0.0388,0.0182,0.007,0.3384,0.2473,0.2213,0.1121,0.0041,0.0359,0.339,0.1876,0.1514,0.0194,0.2629,0.1322,0.129,0.0794,0.0022,0.01,0,0,0,0,0,0.01,0.01,16.76,0,1.02,15.67,13.67,12.83,67,12.99,2,19,0
38,81,2/19/2013,0.0028,0.0522,0.043,0.0092,0.0002,0.4853,0.1628,0.0898,0.2044,0.0024,0.0033,0.0895,0.0625,0.027,0.0009,0.2705,0.1247,0.1397,0.368,0.0035,0,0,0,0,0,0,0.02,0,2.54,0,0,7.17,10.61,13,38,21.44,2,16,1
39,82,12/3/2012,0.0122,0.1967,0.0909,0.1058,0.001,0.124,0.1742,0.4233,0.0677,0.001,0.0122,0.1967,0.0909,0.1058,0.001,0.124,0.1742,0.4233,0.0677,0.001,0.01,0,0.01,0.01,0,0,0.01,0.02,13.97,57.15,37.85,10.72,14,13.17,67,3.53,2,15,0
39,83,4/4/2013,0.0122,0.1967,0.0909,0.1058,0.001,0.124,0.1742,0.4233,0.0677,0.001,0.0122,0.1967,0.0909,0.1058,0.001,0.124,0.1742,0.4233,0.0677,0.001,0.02,0,0,0,0,0,0.04,0.02,16,0,1.02,15.39,13.89,12.67,67,3.53,2,19,1
40,84,1/21/2012,0.0032,0.0503,0.0418,0.0085,0.0002,0.4647,0.1644,0.0952,0.2194,0.0027,0.001,0.0841,0.0658,0.0183,0.0013,0.2295,0.1195,0.0906,0.4722,0.0018,0,0,0,0.01,0,0.01,0.01,0.01,74.93,27.69,0.76,10.83,7.94,6.44,39,37143.45,2,12,0
40,85,3/5/2012,0.0032,0.0503,0.0418,0.0085,0.0002,0.4647,0.1644,0.0952,0.2194,0.0027,0.001,0.0841,0.0658,0.0183,0.0013,0.2295,0.1195,0.0906,0.4722,0.0018,0.02,0,0,0,0,0,0.02,0.02,0,0,0,14.61,13.67,11.33,39,37143.45,1,14,0
41,86,12/3/2012,0,0.1766,0.0795,0.0971,0,0.5141,0.0299,0.2724,0.0071,0,0.0101,0.1822,0.0844,0.0978,0.0007,0.1598,0.102,0.3863,0.1581,0.0007,0.01,0,0.01,0.02,0,0.01,0.02,0.03,13.97,57.15,37.85,10.72,14,13.17,57,9.67,2,15,0
41,87,4/4/2013,0,0.1766,0.0795,0.0971,0,0.5141,0.0299,0.2724,0.0071,0,0.0101,0.1822,0.0844,0.0978,0.0007,0.1598,0.102,0.3863,0.1581,0.0007,0.01,0,0,0.05,0,0.05,0.03,0.06,16,0,1.02,15.39,13.89,12.67,57,9.67,2,19,0
42,88,8/16/2011,0.0087,0.0901,0.0526,0.0375,0.0155,0.2354,0.153,0.2022,0.2818,0.0133,0.0184,0.0715,0.0405,0.031,0.0054,0.0648,0.1901,0.206,0.4122,0.0314,0.01,0,0,0,0,0,0.01,0.01,0,0,0,20,20.22,20.28,51,218.98,1,1,0
42,89,10/6/2011,0.0087,0.0901,0.0526,0.0375,0.0155,0.2354,0.153,0.2022,0.2818,0.0133,0.0184,0.0715,0.0405,0.031,0.0054,0.0648,0.1901,0.206,0.4122,0.0314,0,0,0,0,0,0,0.01,0,6.35,28.45,20.32,12.17,13.72,13.5,51,218.98,2,9,1
43,90,8/18/2011,0.0224,0.0758,0.0522,0.0236,0.0625,0.1345,0.1161,0.1056,0.3848,0.0984,0.0163,0.1768,0.0941,0.0827,0.0406,0.145,0.0716,0.0828,0.4306,0.0364,0.01,0,0,0,0,0,0.01,0.01,0,0,0,20.5,21,20.44,63,2959.32,1,2,0
43,91,10/6/2011,0.0224,0.0758,0.0522,0.0236,0.0625,0.1345,0.1161,0.1056,0.3848,0.0984,0.0163,0.1768,0.0941,0.0827,0.0406,0.145,0.0716,0.0828,0.4306,0.0364,0,0,0,0,0,0,0.01,0,6.6,28.96,22.1,12.06,13.56,13.44,63,2959.32,2,9,1
44,92,8/18/2011,0.0045,0.0737,0.0599,0.0138,0.0007,0.3588,0.3496,0.2016,0.0103,0.0009,0.0122,0.2779,0.1371,0.1408,0.0036,0.2342,0.1479,0.1778,0.1387,0.0077,0.01,0,0,0,0,0,0.01,0.01,0,0,0,21.72,22,21.17,94,29394.85,1,2,0
44,93,10/6/2011,0.0045,0.0737,0.0599,0.0138,0.0007,0.3588,0.3496,0.2016,0.0103,0.0009,0.0122,0.2779,0.1371,0.1408,0.0036,0.2342,0.1479,0.1778,0.1387,0.0077,0.01,0,0,0.01,0,0.01,0.01,0.02,6.86,30.99,22.86,11.11,12.5,13,94,29394.85,2,9,0
45,94,8/18/2011,0.005,0.0442,0.037,0.0072,0.001,0.2552,0.3999,0.2556,0.0381,0.0009,0.0057,0.0534,0.031,0.0224,0,0.2549,0.3811,0.3047,0,0,0.01,0,0,0,0,0,0.01,0.01,0,0,0,22.5,22.56,21.56,123,4767.84,1,2,0
45,95,10/6/2011,0.005,0.0442,0.037,0.0072,0.001,0.2552,0.3999,0.2556,0.0381,0.0009,0.0057,0.0534,0.031,0.0224,0,0.2549,0.3811,0.3047,0,0,0,0,0,0,0,0,0.01,0,4.83,35.81,24.13,10.78,12.22,12.83,123,4767.84,2,9,1
46,96,8/16/2011,0.0098,0.0876,0.0757,0.0119,0.0009,0.8074,0.0498,0.0333,0.0074,0.0038,0.0296,0.1675,0.1457,0.0218,0.0041,0.7564,0.0104,0.0087,0,0.0232,0.01,0,0,0,0,0,0.01,0.01,0,0,0,18.28,18.28,18.17,7,902.23,1,1,0
46,97,9/22/2011,0.0098,0.0876,0.0757,0.0119,0.0009,0.8074,0.0498,0.0333,0.0074,0.0038,0.0296,0.1675,0.1457,0.0218,0.0041,0.7564,0.0104,0.0087,0,0.0232,0,0,0,0.01,0,0.01,0.01,0.01,0,0,0,20.89,23.33,23.5,7,902.23,1,3,0
46,98,9/23/2011,0.0098,0.0876,0.0757,0.0119,0.0009,0.8074,0.0498,0.0333,0.0074,0.0038,0.0296,0.1675,0.1457,0.0218,0.0041,0.7564,0.0104,0.0087,0,0.0232,0,0,0,0,0,0,0.01,0,0,0,0,21,20.89,23.33,7,902.23,1,4,1
46,99,9/24/2011,0.0098,0.0876,0.0757,0.0119,0.0009,0.8074,0.0498,0.0333,0.0074,0.0038,0.0296,0.1675,0.1457,0.0218,0.0041,0.7564,0.0104,0.0087,0,0.0232,0.01,0,0,0.01,0,0.01,0.02,0.02,0,0,0,22,21,20.89,7,902.23,1,5,0
46,100,9/25/2011,0.0098,0.0876,0.0757,0.0119,0.0009,0.8074,0.0498,0.0333,0.0074,0.0038,0.0296,0.1675,0.1457,0.0218,0.0041,0.7564,0.0104,0.0087,0,0.0232,0,0,0,0,0,0,0.01,0,0.51,0,0,16.94,22,21,7,902.23,1,6,1
46,101,9/26/2011,0.0098,0.0876,0.0757,0.0119,0.0009,0.8074,0.0498,0.0333,0.0074,0.0038,0.0296,0.1675,0.1457,0.0218,0.0041,0.7564,0.0104,0.0087,0,0.0232,0,0,0,0.01,0,0.01,0.02,0.01,1.78,0.51,0,16.06,16.94,22,7,902.23,1,7,1
46,102,10/6/2011,0.0098,0.0876,0.0757,0.0119,0.0009,0.8074,0.0498,0.0333,0.0074,0.0038,0.0296,0.1675,0.1457,0.0218,0.0041,0.7564,0.0104,0.0087,0,0.0232,0.01,0.06,0,0.07,0,0.01,0.57,0.08,5.84,34.04,23.37,13.11,14.44,13.89,7,902.23,2,9,1
